x1,x2,x3,y
1.764052345967664,2.1119253594195957,1.38991042392504,0.0020567970267362234
0.4001572083672233,2.7849477746630606,-0.1469164013192923,-3.725534929622306
0.9787379841057392,0.15537035174945857,-1.1717305683838013,4.292311241453464
2.240893199201458,1.2094280588665687,-0.6225546267701642,4.605692103654589
1.8675579901499675,1.4561066502481343,-2.816283456915385,-3.9741160854995967
-0.977277879876411,1.4029598934088656,-1.590600567541584,-3.947426128517222
0.9500884175255894,2.08154717060078,-0.8721211381444196,-3.801300153494387
-0.1513572082976979,-2.636155260767139,-0.8508670199371873,14.346477071273581
-0.10321885179355784,0.9013518597048549,-3.295924366597925,-0.7244768896792737
0.41059850193837233,1.4780672024935297,-0.5085652311478279,-6.857854657292126
0.144043571160878,-1.0006606979074109,-0.5812052612286847,6.112921824124858
1.454273506962975,4.34797141402142,-1.5655768094091678,-13.606173608063237
0.7610377251469934,1.3231185344763359,-0.9937375013762495,-0.9629390582880846
0.12167501649282841,4.126809490057859,-3.225237330052002,-18.757573386611213
0.44386323274542566,-0.5810460436661544,-3.2196934229865226,2.421046593698809
0.33367432737426683,-0.814600243050654,-0.7979691064926435,8.530606480760163
1.4940790731576061,1.4485044419313637,-2.001584786374246,-0.452867122492628
-0.20515826376580087,-2.3573767256573133,-1.017333280336452,9.334494652096131
0.31306770165090136,1.429931181252187,0.25923600847640693,-2.4704060515796784
-0.8540957393017248,1.194438464005836,-1.2608948954577337,-1.9198466669039695
-2.5529898158340787,3.0313305630842025,-5.216002082243795,-20.51843649706283
0.6536185954403606,2.402082682330194,-1.22598045703134,-6.336940994040245
0.8644361988595057,0.16504530022993202,-1.7215660329910527,2.748581693722136
-0.7421650204064419,-1.1949933095404894,-1.35204153148438,5.993581260544978
2.2697546239876076,4.424610442686593,0.3495962188573296,-8.976575481006723
-1.4543656745987648,-0.5842300411303001,-3.367795278911671,4.564976179043921
0.04575851730144607,-1.0910491141389316,-0.6340650641380233,8.24624334794283
-0.1871838500258336,-1.1697121189228903,1.3554558678668482,6.807245774918201
1.5327792143584575,3.234610631073329,-1.9389146724526862,-5.326441545910883
1.469358769900285,-0.03780040884970415,-0.2915081707213941,4.226828293642833
0.1549474256969163,-0.5074089323612017,0.4494586684562032,6.436634105750129
0.37816251960217356,1.2753796518066947,-0.6846528413468587,1.4554061139235848
-0.8877857476301128,0.586110578885418,-2.0276454704971405,0.02079321668487033
-1.980796468223927,-0.3561909215724939,-2.0642815160620005,1.0532093451201667
-0.3479121493261526,2.507982933956959,0.11570023064897339,-12.13298119659918
0.15634896910398005,3.1306309841959896,-0.11177636382739908,-9.46771921510045
1.2302906807277207,2.970635017879734,-2.1797026226068383,-8.686560154465361
1.2023798487844113,2.533839339322398,-2.7647097315416245,-3.463215982534142
-0.3873268174079523,1.8052510622600704,-2.9212100712234945,-4.774965963191747
-0.30230275057533557,-2.551775999923658,1.4924777917771563,13.870949757558453
-1.0485529650670926,4.338501612753937,-1.101917680585748,-15.413187924840374
-1.4200179371789752,1.603978420715106,2.5403428784801214,-6.28501109100238
-1.7062701906250126,2.216312855201283,-0.1666815953941856,-8.092563578985182
1.9507753952317897,3.2299246458948043,-0.3407165157493023,-5.998500726040622
-0.5096521817516535,3.8667050057639836,-0.5405912675422245,-17.12283363435999
-0.4380743016111864,1.836796022618385,0.498724775296048,-4.285878030058041
-1.2527953600499262,1.871092318591307,-2.4490947775661045,-6.800191321981596
0.7774903558319101,-0.1984485549194388,2.2400196625561026,8.855613932900894
-1.6138978475579515,1.0661795022775205,-1.1504525539177477,-4.012962926054845
-0.2127402802139687,-0.708322521628709,-2.055100138289217,6.393667304786963
-0.8954665611936756,-0.43988106428378937,-0.5461584965673698,-0.7691427777024278
0.386902497859262,-0.7871488046283825,0.6385083140461969,6.494830045554509
-0.510805137568873,0.6879522180054253,-2.5113323136744636,-2.314106098157017
-1.180632184122412,3.0981863758400205,-0.14969594133839315,-12.488342571799139
-0.028182228338654868,7.341949546580359,-2.0746662363797164,-27.6395800001816
0.42833187053041766,1.3789992750958269,-1.759410299761733,-3.693831006680875
0.06651722238316789,-1.69682617551224,-1.734223628132546,10.52555829123906
0.3024718977397814,3.529966659712512,0.14531219972888065,-12.424677840451011
-0.6343220936809636,0.3984322470479458,-2.6636090976915665,-0.9438285010069245
-0.3627411659871381,-0.321217187953984,-0.7110758349480811,3.350153928714616
-0.672460447775951,1.4196989558461106,-1.5151267961238881,-4.493405648239216
-0.3595531615405413,-1.481249199112455,-2.2708152669377935,5.175034204449708
-0.813146282044454,1.4449263280172135,-2.8202854041317207,-3.017680728852921
-1.7262826023316769,0.82324895360169,-2.804332486774004,-5.599974715166185
0.17742614225375283,1.1967558136309513,-3.450694026479196,-6.035226312949465
-0.4017809362082619,1.7628325084183416,0.34425079062390185,-3.0801644741838845
-1.6301983469660446,1.1349845144816135,-1.362479743946831,-5.488237515699368
0.4627822555257742,1.032676168225785,-0.7620221049006356,-0.7800343296167614
-0.9072983643832422,1.5686290379958892,0.7672840467223963,-4.897213757490844
0.05194539579613895,1.8308012523422537,-2.8301757353973294,-4.843528157614823
0.7290905621775369,-1.0629649206305154,-2.412318512973572,7.3973954661345225
0.12898291075741067,-1.8599825173708968,-0.617926694959325,8.841933378529829
1.1394006845433007,0.8767238956555705,-3.7361193281205503,-2.9345248933832444
-1.2348258203536526,-1.865470979868216,-1.8680627694953034,7.665104759207167
0.402341641177549,1.1750629418433418,-2.3873396096507014,-5.125651700222489
-0.6848100909403132,2.87749375136462,-0.5057163367456966,-7.893037905214215
-0.8707971491818818,2.2142233438320917,-1.6387237995458035,-10.325571496973366
-0.5788496647644155,-1.0963408136509463,2.0122239190654376,5.534547840675981
-0.31155253212737266,-0.7205249039150377,0.40683705810409143,3.498613694362693
0.05616534222974544,1.6566025900015107,-2.279857726412967,-7.380163875064445
-1.1651498407833565,0.1974043897329799,-1.5809701561852754,-2.455599437916258
0.9008264869541871,0.36668940989578613,-1.5213767693731661,2.0069560451256248
0.46566243973045984,2.1938129624959077,3.9598615236658423,-7.51920429409209
-1.5362436862772237,-0.9745733869153048,-3.2652994659672117,-2.697298539434237
1.4882521937955997,0.19753058017763514,-0.6946904493930808,3.407306987537102
1.8958891760305832,-0.6001649521692025,-4.1266482030422935,8.895907744128962
1.1787795711596507,-1.0862589960707112,-1.010406161808884,6.5965123324975385
-0.17992483581235091,-0.7141563773423294,1.864835842863517,6.276515591019093
-1.0707526215105425,2.3549243386928236,-1.6126831475111625,-6.506430540388033
1.0544517269311366,1.103640778964843,0.6568316322080734,-1.6240610123408235
-0.40317694697317963,-0.7583212576701497,-1.0991728389298054,3.8006323849358186
1.2224450703824274,0.537796784814007,-1.6337480752381524,0.9905240015122196
0.2082749780768603,-2.2776146142443556,-1.377484538419594,13.622201307917138
0.9766390364837128,-0.46662561516733136,-1.8803539677700023,6.807349080208788
0.3563663971744019,5.299149069734574,-1.939087407834735,-17.218085495037283
0.7065731681919482,0.8195123006684988,-2.9952916184867435,4.630285449986236
0.010500020720820478,2.4633178540607847,1.2602010934241656,-2.9432203824712806
1.7858704939058352,0.8690232497110341,-1.5896145936901651,2.1027512887416515
0.12691209270361992,1.6963384704836173,-0.5593385338513704,-4.215182873969237
0.40198936344470165,2.326516179358348,-2.314797777159679,-9.557136656463367
1.8831506970562544,-1.2092331950529416,0.675485839123025,8.512647719020697
-1.3477590611424464,0.9381274854520821,-1.4103336668617446,-4.252478039079841
-1.2704849984857336,4.157730388832976,-1.136549001786708,-19.338956979961775
0.9693967081580112,-0.591001100106582,-3.743464952943918,6.6817761990357605
-1.17312340511416,-0.13287970746443856,-0.40603568329058226,-0.6011843974615173
1.9436211856492926,0.3846174452659965,1.7172585572303691,5.041515079839829
-0.41361898075974735,1.5380481463524933,-2.303616378999868,-8.23659981854773
-0.7474548114407578,2.0498357272917653,-1.687343730553724,-3.3176173488876337
1.9229420264803847,3.5348233096373134,-2.707485937322524,-7.129493056203542
1.4805147914344243,1.998996466937319,-0.8062567386394357,-3.8579451363393127
1.8675589604265699,0.8758937484033319,-0.903963703139758,3.0818551399622462
0.9060446582753853,3.5183342592216276,0.05762165224170346,-6.586254278252515
-0.8612256850547025,2.408222044283164,-0.1727896797986206,-10.297384535595187
1.9100649530990337,-1.9913590325140325,-2.2187740692784015,17.489376367027234
-0.2680033709513804,6.052736480711997,-0.6625779264034395,-24.142591416778053
0.8024563957963952,4.539842776393467,-1.4924516600837092,-14.655407110565926
0.947251967773748,0.6635715544658518,-2.6365494660650706,-2.378813806642777
-0.1550100930908342,1.7558202034769501,-1.19028380944392,-10.005465156920682
0.6140793703460803,3.6487174999916783,4.702490322450673,-5.995284536977572
0.9222066715665268,0.6555984146062348,2.472755951008917,3.6298018442393603
0.37642553115562943,2.4607035807540387,-0.7902601033485228,-9.952815273008218
-1.0994007905841945,3.209156947142953,1.6082858120161352,-14.512488873992016
0.298238174206056,-1.029651815468882,-1.0680750462194086,9.471768886491766
1.3263858966870303,-0.20466370716572424,-1.0797075091622217,5.630382650410405
-0.6945678597313655,2.8428167956211627,-3.924357681444645,-8.859695248476546
-0.14963454032767076,1.921628954297661,-2.4401583489164294,-4.932690535831595
-0.43515355172163744,2.8475931206278937,-2.1752488959797143,-10.481429729052381
1.8492637284793418,0.7348639706925639,-0.8387214525018549,3.404370809474013
0.6722947570124355,0.42198957809153403,-0.9790231977110857,1.0569723083098972
0.40746183624111043,-2.9972789511667455,-1.8684135270878006,15.06540493206332
-0.7699160744453164,-1.2920008530148865,-1.8832197993007653,5.564591399498762
0.5392491912918173,1.0941321893169873,-1.2492297034119284,0.7523881189275261
-0.6743326606573761,2.649114439128473,-3.0721174760234238,-10.808018697992514
0.03183055827435118,2.0623567330713906,-1.9189578405528387,-4.498133752275803
-0.635846078378881,0.743516051944596,-1.5719348047124426,-0.19045918534257833
0.6764332949464997,0.45645686701860666,-2.8734233996093117,1.4518526359786772
0.5765908166149409,1.4343592652765602,-1.4953568398968164,-4.957870515823134
-0.20829875557799488,1.1564223621843044,-2.2522107453017624,-3.4893457446486553
0.3960067126616453,3.809091029879424,0.8530735880142153,-14.829963192159635
-1.0930615087305058,1.2928815409564998,-1.3657056957086828,-7.453745271846291
-1.4912575927056055,-1.9624919243945969,-1.2843185023848633,8.686129927295347
0.4393917012645369,-1.545116270064634,-0.3579578394679489,10.870055141908702
0.16667349537252904,4.03751867392716,-0.1645475247390562,-12.905419224203087
0.6350314368921064,-1.3423209229001607,-3.6043627064502264,7.232298898164888
2.383144774863942,2.528994906067067,-1.5651761636613024,-4.6110800488115995
0.9444794869904138,0.4632545295812376,-2.363548489378137,0.8285424450831191
-0.9128222254441586,0.660483412195029,-1.217755366289827,-0.1459527482653371
1.117016288095853,0.7317344344631598,-1.804498781798371,2.3582039621595485
-1.3159074105115212,3.4427699189183967,-0.7643958057132876,-16.52752538663462
-0.461584604814709,0.6143163429120706,-2.4706888683432338,-1.218073330320208
-0.06824160532463124,0.9333614343096941,-1.8516508622802805,-1.515828719651757
1.7133427216493666,-2.0616069947989852,-1.8867395033835295,17.027090617559075
-0.7447548220484399,1.4133810234160067,0.6238870557063401,-7.346193708875928
-0.8264385386590144,2.0620850139561195,-0.44799451107918553,-8.69147346687526
-0.0984525244254323,1.478291161307574,-0.4466669386215013,-1.3861514909590262
-0.6634782863621074,3.7957925221734707,-1.4294774212150385,-16.446729820850102
1.126635922106507,1.1103427095604634,-1.577076778140331,4.794605881585873
-1.0799315083634233,1.5979549122380352,-0.15849566725354403,-7.988818943548992
-1.1474686524111024,4.297008020536358,0.1661509006906774,-16.341649646184056
-0.43782004474443403,-2.1000283787162957,-0.9772798215567388,11.154928630507943
-0.4980324506923049,0.08834930440126232,0.7124719182141521,3.7688481251739088
1.9295320538169858,3.8523175040385325,0.911232541272776,-6.664172668373681
0.9494208069257608,2.8722582966221646,-3.4970470590833718,-9.262870174749972
0.0875512413851909,2.3567601976809405,-0.3544316728254251,-4.602740133080436
-1.225435518830168,2.6653014789289564,-1.063902892736555,-12.153333375339827
0.8443629764015471,1.6541324182420443,-0.41756677904763606,-3.206541395014566
-1.0002153473895647,4.263194855064543,0.6739647920401137,-14.802942796667741
-1.5447710967776116,1.7555183394614358,-2.38080724463716,-5.282865257874219
1.1880297923523018,1.4797342117905572,-3.430411153633843,-2.7144253140951227
0.3169426119248496,1.3179173482512865,0.659287209276568,-3.0888236292275093
0.920858823780819,1.385727911100772,-2.497726967395619,0.4694863340871982
0.3187276529430212,-1.3140345616317357,-2.0293292708815533,5.349328851973649
0.8568306119026912,2.5413461089266867,-0.6930686598705245,-2.121894563763262
-0.6510255933001469,0.7391205324333454,-2.029152731742034,-4.241275059121139
-1.0342428417844647,4.6438301957208115,-3.3883159424733966,-18.05606754404628
0.681594518281627,0.8486990588231542,-0.9487153488764117,2.3474175778815116
-0.8034096641738411,1.8418365683513132,-2.172226988442789,-5.490210987048681
-0.6895497777502005,1.493204372522669,-0.10321018319459707,-3.949516861908434
-0.45553250351734315,-0.2511140702185066,-1.759114834117982,2.312892960516324
0.01747915902505673,2.9842736570370114,-2.032669208081197,-13.224831916927178
-0.35399391125348395,4.810127281120035,-1.3150008086653142,-19.16763662674443
-1.3749512934180188,0.9704455606803104,0.5782302152580057,-1.8932803472171202
-0.6436184028328905,0.3990424288291554,0.36185612245652643,1.6242598734806708
-2.2234031522244266,0.28994253788925184,-2.6398392736895793,-6.002258704072596
0.6252314510271875,-2.784723786634683,3.199561473630375,17.683096825198454
-1.6020576556067476,0.6443737125939749,-1.4886644868775425,-3.021880427847912
-1.1043833394284506,1.5019962320166478,-2.7286235934392513,-3.0792257187365863
0.052165079260974405,3.1095158503605655,0.33234798507316765,-10.004361569856307
-0.7395629963913133,2.920095482299856,-1.5425086860315278,-11.970476801270443
1.5430145954067358,0.16700183512661504,2.230579261759474,4.686425544534448
-1.2928569097234486,0.44635401045222334,0.2711125332223008,-3.23413053628345
0.26705086934918293,3.247810611228878,-1.2980797694631523,-9.356283867826543
-0.0392828182274956,0.6530722058542417,1.3629603165983064,-0.4180565797307616
-1.1680934977411974,-0.020059079511233868,0.27367281720566705,3.0302934471057212
0.5232766605317537,3.7850368988685448,-2.8433427954023345,-13.76986379474096
-0.1715463312222481,3.075171334101268,0.3325911643586055,-6.409491066263433
0.7717905512136674,1.0375835835485157,-1.7747311629226759,0.3413321026181523
0.8235041539637314,-0.18755489555733496,-1.124989427870012,5.351500429021497
2.16323594928069,-3.023760638489418,-0.8034183261738077,16.718948163765223
1.336527949436392,2.1794072111494476,-2.3186440183993913,-3.5456665825266978
-0.3691818379424436,-0.7927394451043603,-3.000013418336052,4.023631348411381
-0.2393791775759264,-2.925464018281504,-0.44832398361955494,15.26310093291691
1.0996595958871132,4.169641054698036,-3.0823502480047944,-14.042114747537106
0.6552637307225978,2.2959355820197764,-4.862803940153899,-10.211876589323488
0.640131526097592,-1.2780163862339307,-2.2541584065571447,8.815692591622145
-1.6169560443108344,-1.428802765918518,-0.5033613677674023,5.50919278456715
-0.024326124398935636,2.741923564343239,-1.4048217003549464,-8.23097263528281
-0.7380309092056887,-0.7559412330717403,0.9006964109301072,7.009351644294003
0.27992459904323824,3.5922997350557666,-0.7243697568524665,-13.050815886154085
-0.09815038964295794,2.2329186252523106,-2.1494644779206213,-11.966207794645594
0.9101789080925919,2.073193041133647,-1.6593753257192407,-3.3520480065151514
0.31721821519130206,1.8093909112286006,-3.154812038903768,-4.368708193577476
0.7863279621089762,1.3829017440478235,0.6286958370588964,-1.5987157450828962
-0.46641909673594306,2.7610223983542213,-3.0716501291244365,-10.171556448323216
-0.9444462559182504,0.09183927496878974,-2.380611448178904,-2.5421169552515774
-0.41004969320254847,1.1719039468687693,-1.240429330642942,-7.3403242631947005
-0.017020413861440594,2.503893175354391,-0.9964701032637667,-10.933671477543552
0.3791517355550818,2.125979437172256,-3.2539755452646837,-6.287879770457153
2.259308950690852,-1.3899736105373206,-2.3583036928292427,14.664781326703798
-0.04225715166064269,-0.0008193346085278996,-0.602439096641022,1.8385067101821306
-0.955945000492777,1.505607010838309,0.6945850384954908,-2.9591497047563955
-0.34598177569938643,0.1839705819202062,-0.47649465686473746,0.14524284953889266
-0.4635959746460942,4.549317121946666,-1.0387146423862812,-16.754695804030057
0.4814814737734622,0.21369361049177427,-3.3436131008051966,3.0295034028943624
-1.5407970144446248,0.6755631048466183,-1.9260135198281356,-3.4804934379712202
0.06326199420033171,2.5388603563546077,-0.21775863803341877,-8.22115345343501
0.1565065379653756,1.6610654864698315,0.6214200047823311,-4.751143594605754
0.23218103620027578,0.7094510855904615,0.334063862232882,0.6085334113076805
-0.5973160689653627,-0.5129870577614966,-0.7928925333315899,5.825074011982155
-0.237921729736007,1.6030281147935324,0.8069006999737671,-6.625814756024203
-1.4240609089825316,3.0781928807567853,3.322191069745945,-8.781136283065914
-0.49331988336219407,1.9581904481964572,-1.8907928730740318,-6.197504010451659
-0.5428614760167177,-0.5563670429122445,-2.1446736930175545,1.1291838393053042
0.4160500462614255,4.473549913953422,1.277724388669582,-13.459984827198094
-1.1561824318219127,-1.8931557800717886,-0.6468032119218701,7.528785757219326
0.7811981017099934,-2.165371283605578,-0.8315384673590951,10.912631374391841
1.4944845444913688,2.921114448914457,-0.4114385085113117,-6.980078180638115
-2.0699850250135325,1.4516809572053802,-1.9817297577774395,-10.45013335931108
0.42625873077810095,-0.09899709260808054,-2.5521929271258834,-1.170637806395665
0.6769080350302455,-1.1971414551106592,-2.165721264322466,8.36199413366176
-0.637437025552229,5.641599678560596,0.868919385246522,-18.31783417262198
-0.39727181432879766,1.234181744310884,-3.154960997026872,-1.0420529817986304
-0.13288057758695562,2.068402341691543,-0.2520180315271756,-7.888136633415453
-0.2977908794017283,1.6357701944763632,-1.8365311900382641,-0.76219780146738
-0.3090129690471222,1.8696159154623158,-1.5300503330730169,-2.8089013001292598
-1.6760038063299767,2.080188921049612,0.11442646491249975,-5.7685999962942525
1.15233156478312,2.4648480195097524,0.265983370036843,-5.993070048588253
1.079618592036821,0.2495551984786546,-0.4855351931995959,2.7937455433963194
-0.8133642592042029,0.41671602729631085,-3.8096794935490093,-6.075147210167042
-1.466424327802514,-2.482045616717803,1.356447063013687,11.055875816226184
0.5210648764527586,-0.5606088130030789,0.9652947757993406,5.980006544973042
-0.5757879698130661,1.5422255928934296,-0.8628447502132791,-4.428319310203216
0.14195316332077967,3.090046751005381,-0.9846132745608825,-11.237623385276455
-0.3193284171450952,2.198079052752368,1.7021738129302326,-4.234145202550026
0.6915387510701866,0.3186153122441391,0.42083640694059166,4.005410675865651
0.6947491436560059,-1.5263458241703085,-1.0439416053623796,7.684664621936614
-0.7255973784635843,-4.554718290854867,-1.4385080137767163,18.95664850858136
-1.3833639553950554,3.303467949561598,-1.2903056665165404,-13.05638354032306
-1.582938397335082,-0.17845797302029953,0.7658480815957482,4.947762250632051
0.6103793791072052,0.10306998759188146,0.5599876770600312,4.28003434057491
-1.188859257784029,1.2631479358161375,-3.420134517248205,-8.02119551176545
-0.5068163542986875,-1.8111200947837798,-0.3030364017009042,8.446803366142827
-0.5963140384505081,0.3004356397769262,0.296181997066411,0.6912734307796462
-0.05256729626954629,5.046943899539948,-3.2596947489575774,-19.189948142451463
-1.936279805846507,2.0107738771546853,-1.004447127157484,-13.100822469928996
0.18877859679382855,1.7184983130269127,-3.6655654095647785,-5.992372553731423
0.5238910238342056,-2.164988955963517,-0.8057607460879197,10.918239709228898
0.08842208704466141,5.487203789165281,-4.124851752869422,-21.355422781469848
-0.3108861716984717,-1.8455898172526854,-2.0226182855618764,12.99120259353074
0.09740016626878341,4.844649510888797,-1.9165988717427018,-18.806678361651393
0.3990463456401302,-3.230112030375615,-2.063274730213909,18.562785455876043
-2.77259275642665,3.8107308774488406,1.17729202546185,-14.878226721230753
1.9559123082506942,4.236108538000451,-0.19673414539134448,-8.763980970244948
0.39009332268792646,-0.6488182426556692,-1.5993532904851004,5.582003807498558
-0.65240858238702,1.8451607445457654,-2.399616761341152,-5.576481681845905
-0.3909533751876011,2.0949611442093303,-1.3581644752678486,-7.740673121269943
0.49374177734918845,-0.6275889664626118,-2.543669452448973,4.133086431499664
-0.11610393903436653,-1.8982352214738607,0.4596200062244973,9.094819666655235
-2.0306844677814944,-1.6354346862815308,1.995149002321679,7.025747492618287
2.0644928613593194,2.0820164399196153,0.5797998471231667,-1.3287212773500157
-0.11054065723247261,0.8297687949611885,-0.5024644816822766,-1.2705588671480705
1.0201727117157997,-0.12860206660432083,-1.248443174939719,7.770989727808535
-0.6920498477843912,2.9335360223329205,-1.607659434192192,-12.33157052556148
1.5363770542457977,2.0161358187829554,1.617926859031391,0.2879040535216888
0.28634368889227957,-0.5109254527312668,-1.863903411282302,3.6405822487841952
0.6088438344754508,-1.4024030380347785,1.3416478353436245,7.313733687234842
-1.0452533661469547,2.046523477376154,-2.697308863030223,-11.477155968994403
1.2111452896827009,-0.07516673711612376,-1.444347481597311,4.017679041731511
0.6898181645347884,1.1984097250630048,-3.571084889081179,-0.9403220363121547
1.3018462295649984,4.152597945255435,-0.76114869815758,-10.103700882311212
-0.6280875596415789,2.004656480149559,-2.89559143281431,-8.203971061636757
-0.4810271184607877,-0.7245339995064735,1.4975741101856626,6.921712233907393
2.303916697683942,1.3213223796395457,-0.381591592508395,2.284274300707016
-1.0600158227215473,-0.9052899056307755,-0.19390487968477288,3.881194898761519
-0.13594970067832082,4.217044311897448,-0.5759823262528451,-12.718605279128102
1.1368913626026953,-0.1231574992064417,-2.638811221586707,6.8227949119574305
0.0977249677148556,1.4145414939472372,-0.8138225683992595,-0.8375725393614575
0.5829536797532936,1.6154651493588639,1.755621031801616,-2.031888644005348
-0.3994490292628752,1.3185009367474048,-0.9871676109905339,-2.4310703552943487
0.37005588784751875,-2.9170979102730774,-2.525524302437219,9.887249922505855
-1.3065268517353166,-1.8928421279666572,-3.7785139850425544,6.459191661341181
1.658130679618188,0.09529944886181663,-2.0699904855881153,5.622073052465563
-0.11816404512856976,1.6388636666630614,-3.643343346311317,-5.309504032153461
-0.6801782039968504,0.7244415714284587,0.24577605356389598,-1.5797801268357112
0.6663830820319143,-0.9142949463020336,0.17175089927336828,10.685367771413167
-0.4607197873885533,-1.6968486382434018,-2.3135227408308254,7.522718206299057
-1.3342584714027534,0.19688491100131278,-0.07902803729586094,-0.774646476430967
-1.3467175057975553,0.0630479106405537,-1.8646819794354732,-1.3598411369066825
0.6937731526901325,2.0256729151855133,-1.0684214241622887,-2.1811453088087904
-0.1595734381462669,0.3473630756833638,-0.4420666726525324,0.4854482370683951
-0.13370155966843916,2.2054153128586593,-1.6659400135592384,-8.590733113524273
1.0777438059762627,-0.1892995394408108,-0.37269497702032484,5.508821197991767
-1.1268258087567435,0.48808466157146335,-3.5285920757013276,0.4451412141008255
-0.7306777528648248,0.30390724071476116,-0.8237875180180456,-0.6902504573367573
-0.38487980918127546,-0.5647339338041795,-1.0524280335816014,5.194505368534074
0.094351589317074,2.25023731286746,-4.069589704372166,-8.403262402653718
-0.042171451290578935,-0.6271919941890141,-3.714535289097231,3.013663800213138
-0.2868871923899076,-0.043283019941237955,-3.7892854084403904,-0.4169677767736517
-0.0616264020956474,0.8537607081036055,-0.3785397491140732,-3.1601736298535936
-0.10730527629117469,-1.5947593119134797,-0.8140605596925088,8.537833158405085
-0.7196043885517929,0.35013008335900175,-0.5890636342389396,1.3026505774818864
-0.8129929885540773,-0.4226127194855771,-2.989567738762242,4.722066958590358
0.2745163577239395,0.22369161503550083,0.7084607159993979,3.8922356058126857
-0.8909150829955279,0.8801439946578188,0.474261829726085,-3.698997386383492
-1.1573552591908536,-0.5998272462813294,-2.1504445525349922,3.500385390296845
-0.3122922511256933,0.5598484403592888,0.7640904146806946,1.4261252913685705
-0.1576670161638159,3.6173375047043583,-1.37638359517174,-9.67614946685132
2.2567234972982093,0.9484028834910257,-3.6643075360150474,6.0669026046186305
-0.7047002758562337,3.2905243460384495,-3.449042149226339,-10.86680350005138
0.9432607249694948,1.6929888840135214,0.10058523178250867,-2.620657867746258
0.7471883342046318,2.548321219637633,-1.156073216003469,-6.595403905544009
-1.188944955203736,-0.5489179375416517,0.3218374196808971,5.294581608412852
0.7732529774025997,1.2098143301710254,-1.1325596870986199,-1.874417481301364
-1.1838806401933177,1.2678258452309519,-0.5984936599588321,-5.0192784201585425
-2.659172237996741,-0.2252514777498713,2.1852896344702604,0.9439867336916823
0.6063195243593807,-0.6456566485885635,1.0952736314471014,9.48411456797212
-1.7558905834377194,-1.9805307758145965,-1.6492409029156159,7.03154302336892
0.45093446180591484,3.992279273903264,-0.43754691294531023,-18.071061272472157
-0.6840108977372166,-0.9448057787049953,-0.25833183540731586,5.960767331004272
1.6595507961898721,3.6924421464446002,0.14208675124416037,-9.003722008440795
1.068509399316009,0.06501365268429304,-0.8934867922179554,2.4783787975294587
-0.45338580385138766,-0.7249865994494678,-1.7402977757425544,4.171286234465524
-0.6878376110286823,2.2450382806099953,-1.005434225854752,-5.617617157706625
-1.2140774030941206,-0.2623838834937142,-1.720430664217564,-1.498589063109819
-0.4409226322925914,2.1369178378485536,1.5250509218596897,-2.487145172254996
-0.2803554951845091,0.3343764702955808,0.8610893582529835,3.489788009020158
-0.3646935443916854,1.9608489922355736,-1.3054225283190823,-4.357167071652488
0.15670385527236397,-0.9363721278142099,-0.3575616089592828,5.250698228901306
0.5785214977288784,2.6627021159695365,-1.2481888963535341,-7.620344810954196
0.349654456993174,1.9759453653260093,0.7898617039523179,-4.575211438723286
-0.764143923906443,-0.8393013801253235,0.573320774626989,5.116259975869267
-1.4377914738015785,6.2858714420294834,-0.14708375093366954,-25.217020192507732
1.3645318481024713,2.0802460528009883,0.3068964044217888,-3.073170074426171
-0.6894491845499376,5.5809341410610775,-0.009143787937631931,-21.063061519555585
-0.6522935999350191,4.200535637497518,0.7610927807124486,-15.149423993426241
-0.5211893123011109,0.6223304395644325,-0.2033029400062033,-0.09838412674591934
-1.8430695501566485,0.1754564907909142,-0.7721492063282153,-5.07767373743126
-0.4779740040404867,0.19308163315839755,-1.865838435398857,1.3119629392409902
-0.47965581400794766,-2.6600571008556204,-3.357626106239773,14.39664711905259
0.6203582983435125,-0.3916702386990947,-1.0417725707600687,7.431512960670876
0.698457149107336,1.4935320479599412,-2.111583300106194,-4.5247999965928365
0.00377088908626934,4.051915121769617,-0.9099863995643145,-11.56589586126737
0.9318483741143037,-0.5455437659564042,0.7107326362806354,11.980493835392625
0.339964983801262,2.7641131987260215,-0.7407629868394703,-8.232016839725823
-0.01568211160255477,-1.505186683006638,-1.622502506664436,9.620195098075017
0.16092816829822298,-0.1726400504222647,-2.2796929372924617,7.47133086959846
-0.19065349358139935,0.08471881142094806,-3.145202811135898,2.7678076167728447
-0.3948495140334503,1.743622162994987,0.9992080030362316,-1.1631424761237414
-0.26773353689396645,1.9146192934416226,-3.665036528393874,-9.216913622768827
-1.1280113314700069,2.9246834896286904,-2.402174539346591,-11.684602175192941
0.280441705316296,2.541673920809873,-4.4698029005456,-8.0567755176028
-0.9931236109295807,1.4863364308049833,-1.4742123636245743,-4.540124868305576
0.8416312640736364,1.7807298870172448,-1.5134268396408723,-1.617355346930622
-0.24945858016094885,4.177061382195065,-1.6064416309442406,-14.698033390054285
0.04949498165009074,-0.021852362464526154,-1.0946948499646039,0.014263716154345296
0.49383677628095635,2.549456638134324,-2.2318976116266387,-5.193556976534195
0.6433144650629279,-2.616287852996503,-2.3704834607331007,14.324259269048206
-1.5706234086334527,1.8226684857952171,1.7267396198916138,-8.925784209701687
-0.20690367616397173,0.033500915041785206,-1.5010944225450564,3.219633417887379
0.8801789120807822,1.00514236486302,0.36148793742014784,2.026492358350775
-1.6981058194322545,3.0801724901074063,-2.255156563979482,-12.770410785934565
0.3872804753950634,1.3292876190527951,1.4190928921281305,-1.4067134957461094
-2.2555642294021894,2.7703750824178544,1.2712731965116966,-8.688180900380143
-1.0225068436356035,3.9475296302768097,-0.6534719766740857,-14.019414934698379
0.0386305518401881,1.7781879377314411,-2.649297389454225,-6.940047462256881
-1.6567151023219537,3.3420821292409766,-0.869497921408509,-17.202023563187428
-0.9855107376841507,0.34687804464158456,-0.9290432499384143,-2.3577196444860804
-1.4718350074635869,0.9835802354607719,-0.6405641288657546,-8.937519607807566
1.6481349322075596,-0.04523883279695595,-2.467330924299506,4.722440045358942
0.16422775548733395,3.085955189292752,-3.2845002042689417,-10.39970124714682
0.5672902778526694,1.8281827075871901,-0.756455443926948,-5.971710866051546
-0.2226751005151545,-0.014468923789845212,-1.0154369745005776,1.0139198252078425
-0.35343174875719907,1.3093376672926644,-0.9968874671209504,-0.33609259995600516
-1.6164741886510325,3.0831367776371637,0.5402008682764512,-12.080812382393171
-0.2918373627478628,0.9214640179240936,-3.2127407245470483,0.19478592860397104
-0.7614922118116233,-0.8978656216995269,0.5160405739817073,4.956595516043643
0.8579239242923363,1.2638235115748244,-2.1148413100259766,-1.750432279380603
1.1411018666575734,-2.9611311821378794,-1.5928330987750896,11.931803821823678
1.4665787155741776,2.53754128879895,-2.2386690448769055,-3.8777647520801697
0.852551939461232,0.15734482535063898,-0.8655702132411226,5.84405595099673
-0.5986539369229861,0.06137852744178651,-3.858726812199891,-1.0569214774195228
-1.1158969859603944,2.7513913575590134,-1.8521285804307905,-11.784032143032384
0.7666631816450861,-1.7303257544503374,-1.7736348179280292,12.193884728115426
0.3562928174722889,4.894197285640716,0.8958953035447919,-16.888850035636644
-1.7685384506770307,0.03951591652355335,-0.7739527843191729,-2.646765597624012
0.35548179274376907,-0.04650188676979017,0.04327746724445447,4.5528061985154125
0.8145198224878664,3.042449486334326,-0.9910917784202461,-9.248806885541327
0.05892558918162996,2.417390546220853,-2.573350557194072,-6.616270516957892
-0.18505367100934153,5.902459438150152,0.36080730227487146,-22.640160473980735
-0.8076484876163557,0.57758803273696,-2.2681620131013513,0.9592877255308907
-1.4465346995633879,0.7591867226711806,-1.7893650111591373,-2.511571426880693
0.8002979493400275,-1.9586319599265072,-0.7268503317856503,12.203400930693553
-0.3091144447717088,0.3357954453023497,0.41830818417065907,-0.4995178437593881
-0.23346666154369272,-0.44286259114351156,-1.3020768149241162,1.5379708342796303
1.7327211869191332,0.10246597378900169,1.265787097974913,4.893997966304557
0.6845011068591904,-2.4883755131079104,-1.8572176225781487,10.529488856586998
0.3708250012811021,4.321215119789028,-0.0016160695680522696,-10.863157875422676
0.14206180518723566,-1.8332069648512812,-0.9945755485739454,10.803813373646166
1.5199948607657727,-4.604405596783426,1.3200077573186295,27.2588726481909
1.7195893074161945,-1.3768488431660386,-0.6783909801085264,15.085508568214804
0.9295051114795281,-0.20767910559230196,-3.815969227084145,6.394954078699855
0.5822245913979243,-1.2991081265142363,0.6325028147142615,10.57636667920019
-2.0946030712061448,3.1966070814650247,-1.1223227700107912,-15.358896744942568
0.12372191423350658,0.7243216428078123,-1.8295928666025743,0.9339599339468762
-0.130106954193704,1.050771208812918,0.8344471428812583,-0.6237996339600567
0.09395322938556872,2.2207835286108253,-1.4969629540442526,-6.965011414087592
0.9430460873225178,1.572025053956236,-0.1000198852564873,-2.482414725715781
-2.7396771671895563,2.9571345948920857,-2.1525749789465163,-13.225746650636248
-0.5693120534701851,-1.2189551072722904,-2.2541951902419815,8.565024300333938
0.26990435494076137,-0.09503620135886348,1.7158726408754168,4.227672388174236
-0.4668455460527625,2.3319342921390755,-2.1805491058940287,-9.225718239282562
-1.4169061131262595,-4.06910892416846,-1.8771564046262026,16.90038474558793
0.8689634868967954,-1.7503689586344815,-3.5624811878015246,8.687809417358347
0.27687190584612803,2.001984464359893,1.4449733660117348,-2.5243539888272846
-0.9711045704444846,0.03950193001014912,-0.4030025150573524,4.172141093297233
0.3148172045158238,2.872215100219395,-0.6433305498211046,-9.01656013894559
0.8215857120497958,2.6183605937063255,0.4627076158679426,-5.5498906783829405
0.005292646299360854,-1.3961857603820764,-2.9940048540014006,11.077712062156593
0.8005648034309968,1.8133141749337622,-1.8115701728795062,-4.304248805278088
0.07826017516166135,3.403395711335013,-1.137156596874266,-10.74356733035676
-0.39522898265435435,1.2948688033019438,-3.3227065760926915,-6.514917415382842
-1.159420516399913,-0.9549297544917383,0.9671406895249266,3.578779137463062
-0.08593076697161273,2.7587798838267403,-1.0276435752900508,-11.478476800656557
0.19429293804577166,2.270849053107991,-1.4849329543832503,-0.5867776453907423
0.8758327615873309,2.0852215669975926,-0.6456617656475747,-2.768547645218367
-0.11510746848722672,2.4318777868739834,-2.1288734265051987,-8.113913896129725
0.4574156062209908,-4.989225720455238,-0.9323304942805506,21.29144026417567
-0.9646120137337284,2.761875122161943,4.14130782050374,-11.555456732299627
-0.7826291558275251,4.616263621157951,-0.09297695463129829,-16.593324697017426
-0.11038929902688775,1.8732769492585861,1.5024665894514881,-4.2529567385925295
-1.0546284639850139,1.3854579929994537,-1.5326246836838804,-4.4134159140948475
0.8202478373246812,2.3928773467828783,-2.127353485196407,-4.610032772916412
0.4631303293186071,1.6764509473702307,-0.535444615942511,-1.0227153533008155
0.2790957643924534,2.303562523401232,-3.0125574151360524,-7.24669149782116
0.33890412521594454,1.0029420004908216,-4.460436648168692,-1.3201571460903592
2.0210435614847975,-0.5334097090738006,0.09738875753320819,8.409348081627583
-0.46886418796679563,-1.0086454244292269,-0.037992782541655945,4.37496413328304
-2.201441285500558,-0.9963834564637282,0.2507768326296076,2.0316731336681815
0.1993001968964652,-1.7460851019017904,-0.9577451902150051,11.442003687217769
-0.050603540961665895,-1.135484022038213,1.9675590498194935,9.637503868198133
-0.5175190425104033,4.522532254839726,-1.1309922805864225,-16.715889529341275
-0.9788298593587699,2.5081913273124856,-1.8309471111858668,-9.261043137818236
-0.43918952180214793,-0.25005478136934256,-5.509748072510989,3.581982730637723
0.18133842921782128,0.21921461202898385,-1.0707488014798625,-1.6543762074128663
-0.5028167006425383,1.2251150618129085,0.24781667758951764,-5.292321102656356
2.4124536795437486,-0.3110900589687162,-0.9897082021907531,8.548345975045033
-0.960504381633148,1.1350337143486497,0.686332601670141,-1.7172626454714601
-0.7931173627076716,2.555208275805824,2.442321749383087,-8.016453423028128
-2.2886200400145285,0.928514532903653,-1.2600253125657992,-4.115133958188522
0.251484415021537,1.6720314853239842,0.8468803393899624,-8.776591350444999
-2.01640662779976,2.772983078719232,-3.3787788627700364,-18.475069517167757
-0.5394546333745014,0.45573648796358357,0.5469786565349388,-0.7639724656949144
-0.27567053456055696,1.5695811982687262,-0.904764279419846,1.0525961758624112
-0.7097279658468882,0.3812448142332773,-1.332085747520596,-0.6106147675306172
1.738872677454511,0.9429422603311672,-1.2450983800097344,-2.3994708120307013
0.9943943913154989,0.35053946983408,-1.234455202507964,2.2493438363929537
1.3191368763015756,-0.05773970711223053,-1.463204364017875,6.372618162178818
-0.8824188185499185,1.3474237059740468,-0.7019905447755027,-2.5810829709603262
1.1285940645145685,2.133090631636425,-1.2614382010996033,-2.96479567567683
0.4960009463439622,1.2926088920020886,-2.733688718444804,-3.0168864453102815
0.7714059486768455,1.997453916623864,-0.37441916651181373,-2.2766347639740934
1.0294388287827672,-0.4758635604824597,-1.9118019225842022,8.313667001368255
-0.9087632459590531,-1.4074703843995588,0.5719799221881949,5.988879395111507
-0.4243176209779015,1.8340870059352072,-1.050740449858571,-5.957555013479822
0.8625960113284511,2.375762782349509,-0.8094640700182149,-5.454786553770597
-2.655619092974933,1.0997145331996454,-4.0738478698669995,-12.158105066443152
1.5133280825732052,3.6960715608494374,-2.885020192252183,-12.714333022857527
0.553132064207584,2.8153975959757975,0.40942159026117464,-11.587865436039518
-0.045703960660234855,6.361141681538001,-2.1007250890392672,-23.417661341635856
0.2205076557571733,0.5983829720086689,-1.7986564884984246,-0.4471913253515011
-1.0299352833089765,-0.9976975921907363,-1.416909950902419,3.544399075312736
-0.34994336458910474,-0.4802735814790271,1.0456138892410136,4.675207042965958
1.1002843382203737,-0.1309956127493126,-0.4387930032976247,6.54369300298809
1.2980219723262212,1.952062766876229,0.9653969050749929,-3.0746748656540577
2.6962240525635797,-3.316137127922514,-1.4016216962967871,23.303408220172237
-0.07392466628041514,3.6371020361816733,-0.6802356043504132,-15.220834254768016
-0.6585529668050037,0.5214068177153117,-2.804865183063964,-1.832464197601457
-0.5142339659399888,0.5064128844224964,0.7670468527150578,0.13271297638281218
-1.0180418752873648,-1.1586863320499905,-0.83702769445772,6.8799018802195
-0.07785475594085076,0.7715488970996396,-0.9338063518055868,-1.6987796959941222
0.38273243001226814,1.026479535335067,-0.4925266911615107,1.5507450897750106
-0.03424228053195387,0.7561101447994455,1.1701881108804844,0.024436093949492144
1.0963468456657985,1.6781185118848607,-1.3217426597328854,-2.384261899514775
-0.23421580134453654,-0.1792640839020596,1.4945584366323592,3.6977496257676714
-0.3474506524985633,-0.7916315208216542,-2.2772838766056873,5.729175324926979
-0.5812684768603252,2.09665626099596,-0.36672308804636244,-5.026227212824861
-1.6326345262344952,1.1973349076315913,2.013827841762314,-5.257176354401434
-1.567767724308454,1.3943621103947348,-1.7347220968879018,-9.39812686257667
-1.1791579306376878,3.1180545088839327,-0.6321162198348702,-14.108795239125124
1.3014280716647608,-1.0451287825213713,0.31625759425465083,10.271866206546273
0.8952602728899299,-0.7104809145017283,-1.20684954834806,6.995727718587677
1.3749640663929898,3.5144393016579882,-3.2505299142464947,-9.651228689541249
-1.3322116545945017,-1.965766715148085,-2.583939038603434,5.456329771986
-1.9686246897860202,-1.6188242926620284,-0.128601116719248,7.06522886290025
-0.6600563201340829,2.6357236623699913,0.33727297998386696,-9.047247882278135
0.175818953296028,1.4764003840440774,0.17683300148149428,-5.7324161884486795
0.4986902749098275,1.2104642741185516,0.7196480208017675,-0.173952976623382
1.0479721559680528,0.8166811837992336,-0.8920222075959675,2.4780604695981707
0.2842796708072146,1.062535094055139,-0.6876502439334901,-0.7378855341390989
1.7426687806556311,0.8157757706160882,-3.2783029887362938,1.8435249429102198
-0.22260568094832048,3.7108854051888365,-0.5240065694464945,-12.096412364415112
-0.9130792180417964,0.2037037424998498,-0.08097882191335326,-1.788921073272741
-1.6812182154944335,0.6772529274444417,-1.8748169422239798,-0.9453505630267651
-0.8889713580954499,4.588897610450147,-0.033997451657633126,-17.803519051309017
0.242117960985123,1.0550194040596717,-3.7238332667767358,0.33593201329503275
-0.8887202573536308,5.464032779050355,0.1266493966918052,-21.678504667592723
0.9367424635352571,0.7900405979620929,-0.5495735145687983,3.3718865236181417
1.412327706037443,3.734829964920317,2.1659128003820287,-7.55134874996044
-2.369586905226603,-2.3106880766193556,1.1196283052979004,8.264021515942277
0.8640523004976479,1.3072889216313328,1.2604705378377945,-1.7483987303799096
-2.2396040586617367,-2.168947126301871,0.2260956445522484,9.721265322994453
0.4014990550902875,2.688908613209173,-0.030076579127112923,-6.129730610702721
1.2248705641936597,-1.4257356324180495,-2.7724469723693925,9.585960031923669
0.06485610634357618,1.567539108766691,-1.5026369505276798,-1.4770127241074507
-1.2796891732042395,0.4356082466191298,1.7400927059912976,-0.2546045851023158
-0.5854312042777726,-1.3164063703680577,-3.1842466730846346,9.922250914955615
-0.2616454457109007,-2.238719965795085,-1.675422752219695,12.62723183555146
-0.18224478378994294,-0.022080927160219588,-3.128851121222006,0.4979904288358509
-0.20289684076666706,4.481258891790661,1.1764277210481913,-12.025851612429872
-0.1098827793093138,0.41302989022124503,-1.8486719928184163,0.32549165314289974
0.2134800489101689,2.834443084231712,1.3168015488969385,-3.240628583907691
-1.2085736537332212,0.8859142646756237,-1.6206437405789478,-3.6078095101041514
-0.2420198298702195,2.7534535473809045,-1.7561981202456072,-9.534371640730413
1.5182611703557054,-2.6538227566090353,0.917793783476998,17.298646858396907
-0.38464542314251776,0.19362338630093334,0.4082475895906641,2.4593527694624746
-0.4438360931551978,2.8988110475864373,-5.074420463826362,-8.921504087633624
1.0781973037142378,0.6734901023336426,-0.3232888152142005,2.88650363177175
-2.5591846663440965,0.8270894345779057,-0.0997496826215617,-5.6900317623205545
1.1813786012882859,0.13907617622841406,-0.6852896036486336,3.4768876537012066
-0.6319037580051673,3.298758766734248,-1.9864870057371622,-10.880723494278765
0.16392857245258663,1.5950287079098917,-0.9573873330406162,-4.639641614481765
0.09632135592119682,1.0880445523506959,-1.5970922214484964,-4.295742252219283
0.9424681192203938,2.2861090906785853,-0.6830154585850369,-6.485500734178593
-0.2675947462353477,2.1764498582358733,-1.3035913942915993,-7.822639831328728
-0.6780257815644504,1.4251740928750731,-1.9328922373584185,-5.272062796126075
1.2978457906510987,4.094062993981689,-0.7543443305430781,-9.051388420183525
-2.36417381714118,0.8794249327217619,0.2036583652765902,-6.298705286017025
0.02033418170524325,1.556162095935888,-0.5664911614069504,-1.0729686961010199
-1.3479254226291204,-0.28590510670578095,-1.830463584896847,-2.7428747851773423
-0.761573388256559,1.3002304540122585,-0.49561896944438444,1.2973275243924687
2.011256681463137,4.175523047490735,0.6046885877884487,-12.55008238358263
-0.044595426455857026,-0.2865152035774776,1.3931062528642855,5.149597164816615
0.19506969715138117,-1.2671856512769177,0.8113288762391548,8.429386402746989
-1.7815628557055914,2.993519285639631,-0.19392970996145154,-14.204797152636297
-0.7290446587946957,0.7024676955326414,-2.5136860468208297,-1.1719857540403922
0.19655740072878491,1.19200840993954,-3.0483290903813076,-0.7846550551023563
0.3547576931132181,0.9097733926133303,-1.3035718205786087,-0.9257363148693206
0.6168865543932788,1.1582434478590702,-3.1137771723342444,0.4626805551109281
0.008627898917576322,2.7010613670468766,-2.1771770935909425,-8.747462833142025
0.5270042084546597,-0.6782483811985474,-1.255183457126749,4.011850279650803
0.453781912635684,-1.023548168210977,-1.7263156326083549,6.980223670199426
-1.8297404110045314,1.1699362740754153,-1.4918770844656264,-7.140156593121077
0.03700572191014953,-2.2128793788996655,-2.9920069409471646,11.349955032155586
0.7679024077327037,-1.746107072083857,-0.6527998603101843,10.395499389123044
0.5898798207345195,4.733366296663254,0.49476207660036087,-14.654690897582462
-0.3638588099707899,2.5149366601228076,-1.8222062016837541,-10.869282245737752
-0.8056265075393678,0.9798870562619709,0.08863301628682008,-0.3477717957337565
-1.1183119243216322,3.4760138719168796,2.9940900705771174,-12.354891147944324
-0.13105401154141233,-1.08119846017029,-1.137716545201679,4.354873323421378
1.133079879559722,0.36879375322828356,-0.023184988075707014,9.042340855864138
-1.951804101481602,2.246907218848765,-0.7048448648689667,-13.069608258636825
-0.659891729729498,2.7813433628627893,0.4544355938360698,-8.203078502387893
-1.139802455426774,2.025833693655553,-3.5779748149181425,-13.499258214942397
0.7849575212405001,-4.082477615376449,-2.5854351519178227,20.22415342730954
-0.5543096265713009,-0.9361642353291559,-0.7848041078929293,5.619862674264053
-0.4706376581547914,1.9541361847137306,0.33044384923769776,-6.097354067914003
-0.216949569936649,0.2880970139063873,-0.8042139612025897,-1.7154821970094043
0.4453932508947973,6.080463241518343,-3.4968598764514653,-23.8965582928154
-0.39238899814963674,2.853116601934193,-2.2354199146875926,-11.928075910382498
-3.0461430547999266,2.1161637612373316,-2.1920591763958255,-15.001218001128102
0.5433118913875197,-1.2338991074934471,-0.41651208249542826,6.917872482568395
0.43904295767204254,0.9294065207941689,-2.143058439760641,1.9591823948955405
-0.21954102833121325,1.482407928437905,-2.0212106572011566,-3.5969010746680947
-1.0840366206719345,3.2555672602556047,0.6271213649565572,-9.215126299210397
0.3517801106813583,2.7622621941992644,1.002974415197885,-8.821685555279656
0.37923553353558676,3.0659783890398913,-1.6199122080040578,-10.17800506848178
-0.4700328827008748,-0.8478240316200041,-0.3626459914751907,1.7958082564469193
-0.21673147057553863,3.8243033965972617,-3.822225697797012,-17.022700841024573
-0.9301565025243212,-1.7608615046145384,-0.7025094109669877,7.24965201253486
-0.17858909208732915,-0.07182912333232361,0.7849670746937409,2.4814091407561736
-1.550429345083481,1.861542269891283,-0.20982744211397608,-4.097233939747053
0.4173188210318355,0.7002168165337214,-0.8484087334637922,0.8256591561406302
-0.9443684908242939,-1.012073715840783,-1.5829644602089548,3.837875884125121
0.23810314783231212,-0.6430996512062652,-1.9701880233871027,5.982436072954966
-1.4059629162678993,-2.096508645698085,-1.2686236077907045,7.993554051845973
-0.5900576458695397,2.0639492780143827,-3.327161707354466,-10.270900330669543
-0.11048940506592783,3.5211376900842986,1.415688467447366,-11.851460824670864
-1.6606998118692633,0.799212993197268,-0.15368403940777386,-0.7971798509768715
0.11514787314009216,0.1993023699731532,-1.1536555513199256,4.463833892656372
-0.37914756287992274,-1.9446458569329792,-1.9297071622410082,9.569905357523918
-1.7423561978092306,2.826403848504355,-1.1055094302366146,-10.30411204147556
-1.3032427541123157,5.422608666478986,0.19669241339426424,-17.912955498658814
0.6051200840821667,-2.594911608733795,0.5171718368284199,13.965021097078225
0.895555985551324,-1.1268658763092136,-2.3555363950986137,8.489436958387447
-0.13190863977996706,-0.3591860850882882,-2.4602931402604833,3.3849622965761594
0.4047618120404975,-0.12863581936497792,2.117344944212413,3.729112310261179
0.2238435633129107,1.454691900286962,0.704889286573529,-1.1257725750862053
0.32962298212773805,4.228499094560455,0.06277991124200843,-15.51071649644929
1.285984007080293,3.0171945737202073,-1.2079693655760546,-6.896274993165124
-1.506998398214272,2.055194765548632,0.3860305073941739,-8.579588388605194
0.6764607323616232,-0.4478574081172042,-2.9098497637466747,5.548520449144179
-0.3820089555778202,-1.2392564673609088,1.2976526323025608,5.132111847473221
-0.22425893425164034,-0.5935506126126018,-1.05365833710574,3.3566564626065483
-0.30224973045507003,4.096133602757478,0.18629225323812815,-10.129559452054629
-0.37514711666128386,0.8765133970841978,-0.030673337657235678,-1.5413765922753104
-1.226196191783019,0.1063274926747576,-1.1973563668928922,-0.3400922213524705
0.18333919925760125,0.6324885395000155,-1.263049532646202,-1.133943295664213
1.6709430327888573,2.6492364392769354,0.8323747119139746,-3.748130481899547
-0.056133020448757114,-1.6256993490995835,0.5397461068738831,10.419947182015756
-0.001385042735095726,3.829748271844845,-3.6583466799706335,-15.10206447718493
-0.6872990371566635,1.312952513892598,-3.538608605584687,-5.894705033434411
-0.11747454641811148,0.5673120434085478,-2.419330930534238,-1.046782185104918
0.46616642603403075,1.885692227493478,-2.340318097449553,-4.189120228938355
-0.3702424407043429,1.4367941462598741,-2.6777888088808464,-2.565521200465115
-0.45380404105200106,0.31160708706523754,-0.591834035106568,-0.7886048452335441
0.4032645401632468,0.4945786559167866,-1.6955566707009595,2.5923974423307703
-0.9180047698190454,-0.7377250937319044,0.8091869326432553,6.1286957498421
0.2524966270768724,2.3127815017186046,1.1793166482755857,-4.646809737897004
0.8203217972614217,-0.06398761882232362,-1.0430248562463897,6.538385146978311
1.3599485416794843,-0.9125168448645655,1.5251869230093398,10.330694650485906
-0.09038200727694681,1.3317270453070746,-0.9636785347889152,-2.7738788891017077
1.3675972398067135,3.6582825654911066,-1.6521859701248518,-10.071133665497234
1.034409886481518,0.9033107524403607,-0.9028213910591287,0.4634384845982952
-0.9962126403710662,-0.21620251390337986,0.4172900029895994,1.660033478313474
-1.217938511593151,1.8077920416719477,-3.421691459049846,-12.09953326739323
-0.30496363785442043,4.873424924805104,-1.3128989833366833,-16.559529157024066
1.0289354925948542,-1.9038110588634947,-0.5538915095246931,11.751656659882919
-0.0722870075600049,1.7644055755705872,-0.455373002142187,-7.367614571846762
-0.6006575576577885,1.4101732504637077,-1.5526545149843667,-2.6776914002120673
1.5522431800485608,3.3230676071182343,-0.2668213860347931,-9.272279237268721
0.2869044880033464,2.9818183473696904,-0.561817573073706,-6.9153889283115575
-2.3205942757907416,0.6265817763804415,-1.887862170208591,-6.574558686980876
0.31716062629268876,-2.3690345108497657,2.272397943408162,16.16443344526846
0.5200406145708678,2.613127535792519,-0.3406746909530385,-2.7849242137518675
0.2256086544711038,-0.6703853803829662,-1.496775025260745,2.1942460375839006
0.44971210023199254,-0.893480821914379,-1.8575785502176596,6.034633796172434
-0.06727560892298173,3.2967011613822526,0.5441133773463738,-8.13568206757039
-1.3183958696447342,-0.821700755277305,-0.846910313403899,3.7859342645458636
-0.37070400322045344,3.8056894802004866,2.8221690467227853,-10.989688377234565
-0.9456157955562914,1.6716894428106261,-1.6538861844281327,-4.5737255780955195
-0.9327409107943778,1.6382368001725647,-2.8639104076784343,-8.42810473978148
-1.2630683491022754,1.614529561011182,-1.0415476882504038,-9.071122704944873
0.45248909263964643,-2.2768472514835842,-0.7373988117438351,11.216048149502473
0.0978961454126271,-2.5527772326931517,-4.177675951960444,13.985167569924494
-0.44816536268070806,1.4311061075773697,-1.46375277157222,-5.880444442734776
-0.6493379277303881,2.13601471845284,-1.5526231620813933,-10.688962511056541
-0.02342310502145217,1.165222064312402,-1.5531453043083256,-0.1707451164981828
1.0791947281124892,-0.643069034039055,-1.9453386214459072,5.733633458769442
-2.004215715498915,1.0378442077643895,-3.0147888146326594,-7.56522018659191
0.37687652085089274,0.8359316937090318,0.13705707713263626,-2.3091899058265666
-0.5457119740177824,-0.9143161965508206,-1.8757612659845133,5.688737677787825
-1.8845858449794477,3.0279443082243227,-2.535552178601282,-13.012792965747796
-1.9457030831639588,-2.4605521231001717,-2.139901401726861,6.779939913496841
-0.9127834941352918,2.177484813615013,-1.7084848596204318,-10.777213576245385
0.21950955579304526,1.7686468104224906,-0.8370293129304597,-7.8382828223706
0.3930629339800916,3.0194237096234287,0.0025084795407326332,-7.154198144956157
-0.9389815726777853,-1.0106237446977175,-2.429769247022606,9.142637772231106
1.0170209914132446,1.202814293336422,-1.7189460963316494,0.1719575836342797
1.4229834965161061,5.342329898636332,-3.018261592029962,-15.81583953220939
0.3960865849565602,2.324148577999413,-6.088449990133563,-8.255523701512168
-0.5914026678081108,1.2011624174579263,-0.7663091039026166,-2.6714563485729217
1.1244191845103682,2.0783225482283934,1.280005276251115,-2.8904821004872017
0.7553956956633383,1.17235368476024,-0.2168751199707638,0.30131638016723133
0.867407411354918,5.38179602647968,-1.7605899342144833,-19.274677949473016
-0.6564636749715315,2.967272391578359,-0.8552812860921464,-13.091044123956902
-2.8345545052747023,0.8287700915390058,-2.7622301514925915,-7.142827136876582
2.1167910214836754,1.5046628627690426,-1.1834385370488707,0.8195358102853083
-1.6108784034499337,0.21840400783797287,-1.641563879586364,-4.264999662532166
-0.03576807186022113,3.41970025282061,-2.279071348101075,-12.9927356651954
2.3807453512197503,-1.8122095427820217,-0.39152165529301963,14.11442198977527
0.330576756274374,-2.209477059721974,2.899800746568585,15.380529091206396
0.9492464735582357,3.917429499351987,1.498174259652072,-9.704802822587533
-1.5023965693817127,5.3062395851411654,-1.1081095319831438,-22.119026403302662
-1.7776669547337063,1.9366098153791835,0.3261719820737925,-11.323118949518422
-0.5327027919795545,1.2254758824714744,0.2940611511044384,-2.279457419880261
1.0907497344345,2.3145353806095548,-1.971307038528728,-4.003897082998494
-0.34624944764730997,-0.2941070527655185,-0.03414388974907723,7.86308236326366
-0.7946363210714987,1.342487090304425,-3.1614881477592265,-4.647298205281262
0.19796728994496746,1.07781741171243,-2.2079475877773733,-0.17108746932132246
1.0819352184772653,2.253128501490721,-0.6418706943908032,-2.302257828259471
-1.4449401990733717,-2.1159970563667927,-1.6221814935356886,4.13761273025275
-1.2105429941233516,-0.014069539530674913,1.6347179645453322,1.2033151176322203
-0.7886692545093662,2.6899912060016744,-0.02793934816698218,-9.690563690793876
1.0946383747120914,-0.3511876552601261,-1.573057181748958,4.887559729580145
0.2348215259487319,-0.9867227508462708,-1.7058695696702233,8.276666860884825
2.1321534105704436,5.084144299653908,-0.7195440876800745,-10.178600868709106
0.9364457258311158,1.0762360003588007,-2.583296932963274,-2.572640264218457
-0.03509517686967038,-0.1578362798864157,-0.10658207005817721,3.19587534018349
1.265077838088766,-2.384740874948217,-3.0629529249182132,14.38763774105286
0.21149701273187801,2.4586926925608523,-0.06548470605889056,-8.003621912468631
-0.7049213525074449,2.3982723074373875,-1.246892097970619,-12.85945033686885
0.6799748442451024,0.4024807988601281,-0.37807972286310265,2.1308605801808995
-0.6963266538610828,-1.2044603818141812,-2.5188788880069457,2.957567356886749
-0.29039710080386677,0.9509011527152419,-0.6325221893678241,-5.577577816269482
1.327782695957983,-0.6717121349632427,2.6185216122689807,11.45546879964013
-0.10128148621739935,-0.8841871777462318,-1.6858251286909969,8.762235754767817
-0.8031413873416283,0.7935744970765848,-0.5239002095064634,-0.9846783731214146
-0.46433769143549164,-1.1027807973201291,1.258350424635963,7.94355087296027
1.021790585588673,1.4932979105048925,0.1425562172902013,0.00983366709750011
-0.5525406734167292,2.2159850188127947,-0.3521717737830541,-7.300323239342063
-0.38687084685064654,-0.6792648943463828,-2.520533908781787,4.581388912854
-0.5102927396336285,-1.7364901906767813,-2.9163825584449756,7.204580189252563
0.18392549434030994,4.122559197911614,-0.9198513389763114,-15.084181436558879
-0.3854897603756083,-0.8805404719144097,-1.6948537829698032,7.45905904615768
-1.601836048972537,-0.3198854102046753,-1.0285873206629366,2.0590989872826633
-0.8871809418450403,1.4260343348597746,-0.6915149889707245,0.49028938061381044
-0.9327890415064383,2.198738745044594,-2.014641758264328,-10.305068492482844
1.2433193844551549,0.48736621262071445,-0.25884546097912087,0.5174488655322445
0.8126740421090424,1.9215886554025112,1.7878342828866542,0.5164369865977636
0.587259379399826,0.19802768420719796,-2.5140114810706655,1.9150231703876985
-0.5053583172644099,-0.9423413296487815,-1.7043195377813667,7.620063405282561
-0.8157915419939713,3.8526337215740547,-1.0744159880199966,-10.551297779229877
-0.507517601657357,5.976883228662256,0.7106895109108873,-24.312482659283763
-1.051880102551674,4.391939066028339,-2.779573001022553,-19.776159771601893
2.497200391587007,1.283613278306909,-2.5977221565761224,-1.8014903089883416
-2.245321648371402,4.666870723631357,-4.245491519224543,-22.582069259260408
0.5640085350738091,1.711407031447969,-1.660543319820774,-4.990010709116257
-1.2845522979925272,0.0454274591935413,0.02021864903274917,-3.6224699646239706
-0.10434349149469264,1.9327591487639577,0.5978370634672108,-4.440994927134907
-0.9880019424937344,0.8112149871776301,-0.4642695080384024,0.11067430213822904
-1.1776289624826308,-0.9662363674914154,-1.9014354690736857,1.6188110076528788
-1.1401963009349616,-0.796643942864032,0.059707420553560375,6.426789978743651
1.7549861537420586,2.604103477481032,-0.6935221140758266,-2.8594599112771286
-0.13298842230959199,-2.693063963329346,-3.881058398394895,11.436645771585685
-0.7657021944780863,2.208273480885368,-2.8421422489233086,-10.901250086919507
0.555786964082873,-2.2591672054968766,1.2677979577944454,12.84369717644212
0.010349314566299353,-3.242352889804872,-0.5166923755370921,19.98855496565983
0.7200337593416528,-2.677693207516997,-3.0621915827628694,12.84126296776139
-1.82425665593783,4.93352794386948,0.22992966209267718,-19.12843438171878
0.3036039044620014,0.607532070112916,0.5921524396439586,0.9245568214510573
0.7726948371023817,1.1731663603308382,-1.6525510441895381,-3.1703850045364206
-1.6615982911145637,3.8385100918219024,-0.013476855419821465,-14.304533653305588
0.44819528442331247,2.8683594969994495,-6.610150956927669,-7.583626413859706
1.6961815728281606,-1.7830105388084392,0.4603651927822363,15.884853179660917
-0.014857703354702717,2.738012685637522,0.7627330878798126,-4.3823096535466295
0.8214059370248112,1.3683625294070927,-2.6870540721455995,-1.8881319310624274
0.6705704503109099,0.31664380480823884,-0.5768719007270433,2.781015540615341
-0.7075056975105769,1.0485818282755608,-1.5071808145711583,-2.3075681610164893
0.03976673458649517,3.559624041256044,-1.1537942211562409,-12.181102324608165
-1.5669947108616025,-0.7719329640819057,-1.6373206668026024,1.1521120612264846
-0.4513030371025261,1.8017713582082422,-2.998443200282231,-9.796592124218227
0.2656879749662359,0.9806855269341833,1.8356055546224832,2.5631828116045967
0.7231004937377982,-2.594329230791237,-1.4654662743688247,14.190155205329274
0.024612125247911617,-0.6045063434616216,-0.8428674336066546,1.8421184003631983
0.7199837301431654,1.386427106467393,-2.5141008703771472,-5.9996128140002885
-1.1029062129553697,3.5946841781857812,-2.55530074168652,-11.31888617391236
-0.1016972745548716,3.002662034693459,-0.38110237738675024,-7.253387310150474
0.019279384513077216,2.19442500880685,-0.21041187977333053,-5.07754160459354
1.8495912466796365,-0.6305513222729171,0.3168862539871169,6.44583598953818
-0.21416665620008424,4.60242798161707,0.6556610037405322,-16.039778262560212
-0.4990166379941829,1.430480935279223,-1.315311310751143,-6.441770696504048
0.02135122384354861,-1.0127310433571006,-1.6663045959894234,5.53160416203961
-0.9191134448699437,0.634190038286098,0.12022074927339998,-1.7486250901085487
0.19275384906521617,2.7924968507123187,-1.956158805145652,-10.213123201108981
-0.36505521654625767,1.0152349966363161,0.3076377438467439,-4.424770448785541
-1.7913275480411837,2.773729373165522,-0.43824956913656643,-10.419286737723551
-0.05858655113386085,3.2073879149243005,0.7325396518752463,-9.08176106480113
-0.31754309393019925,1.8010613691974124,0.0055875332717463255,-3.7394343412077244
-1.6324233020679833,-0.7154052460937881,-2.5816687358367405,3.575736411025901
-0.06713415461452177,1.2709093263799611,-2.29845046237904,-1.1612360398409618
1.4893559620744803,1.090331711877662,0.0987279455110821,4.993209516988813
0.5213037482757137,4.718692667703257,1.8605837636266602,-12.050138900271271
0.6119271927311578,-2.25264387565366,-2.9842175511745275,12.660553004859475
-1.3414967255830426,0.7303550978112918,-0.9651825935120906,-3.911696035747026
0.4768983689222224,-0.16818709358983863,-0.5774881637792633,1.758338333228775
0.14844958138007808,1.6702112403919978,-3.28866626779832,-3.8477609169329234
0.5290452383344316,-3.875128718398712,-0.2828125054554801,18.8330778734407
0.42262862170882565,3.22984911898056,-1.1396841880711568,-5.648728745772509
-1.3597807255038137,1.0274969746710674,-4.144836221823472,-6.9110734072972235
-0.04140081155796743,-2.6894023272560923,1.432591967374393,14.951260669170027
-0.757870860425166,0.27777373052026777,-2.294812328606609,-0.20491450196332095
-0.05008409428482209,2.2179246833090485,-2.923755121442563,-10.380212243510265
-0.8974009269018305,-2.182895750916063,-0.36978756668245927,8.221693030458365
1.3124703671409963,1.0064444328863114,-0.16376980614265535,-2.4560424498988493
-0.8589723884443423,-1.1149472956030602,0.10461710554440762,6.343160198936568
-0.898942156465536,-0.11197006375793461,-1.5790050433139677,1.2338549413694577
0.07458640654355353,1.0534767653492738,-1.0163715068363646,-0.08539407892640138
-1.0770990694039948,1.3669005071631526,-2.096210144760798,-7.120282644017327
-0.4246633024328657,0.05851500363454554,-2.965295958448312,-1.6850857468900422
-0.8299645975379619,1.5455927790605282,0.6186959735813538,-5.1768776742931255
1.4111720638896117,2.6359552145096115,-1.1541440275266903,-4.4720368019275725
0.7858038268311726,0.4421714497935204,-1.2734713831344346,0.00019790363692751
-0.057469518465394644,3.8631355148985818,-3.9989013879929978,-13.803234442928224
-0.39121705217401626,3.924428341560839,-1.267556656420504,-13.133419627533499
0.9409176145751134,0.1425958688283423,-2.263741745637174,4.820213877312073
0.40520408032288807,-0.27568111294716857,-1.2619204797247243,3.5672410352006896
0.4980524046828567,-2.328345970332347,-1.3288662277853094,12.819331076709098
-0.026192237344250482,0.7468613367212202,-1.6696971869994441,1.5823253771744643
-1.6882300277714322,0.27312443976789724,0.4082579643667088,-2.6647658726697863
-0.11246598255955272,2.558102440265983,-0.3294187715137651,-7.698538357553106
-0.5324899192090677,-2.0193232121365976,0.6907317717073189,14.3697316963359
0.6450552734598769,0.4452172165137803,-2.9872410549395867,1.6237144864341508
1.011842432994189,2.937488786222291,-1.9734338911717226,-5.826439749836125
-0.6579510447611686,-0.4607141911159198,-1.0604212274834302,3.5977008050505246
0.46838523427705164,-0.5247230734552186,-1.609958454855151,7.244551184785584
1.7358789976857132,-1.893880669511617,-1.1188865882451067,14.457197955198593
-0.667712720570559,6.241147692036479,-2.7731550989624845,-25.1254333902926
1.6819217400731377,-0.49494635613075877,-2.074267085893361,6.825926595997408
-0.852585847170647,-1.6006936644366783,-3.4623309322780194,5.509598264668151
0.022959755607951444,-0.6077008080630399,-2.3350383276598583,5.624780340585095
-0.011145611841841251,-0.548590160973609,0.041265080588020586,5.241446155716269
0.011498899870062375,0.4612204430975194,-1.3213103271489253,0.48398428708068497
-0.8376780419079453,2.6507444641750295,1.258629858136262,-8.488128660877452
-0.5911831037644297,0.40335366200833256,-1.8933008114585186,-0.1934331038328151
-0.6677202863593994,-0.8456466299936558,-0.8213933786915059,7.762944502389713
0.3269625954044574,-1.9026769963820502,-2.8198784952286275,8.001534533106927
0.33003511451031164,1.0437147164397427,2.901007805626106,3.092857838269404
2.225944331738259,1.0850781480595815,-1.2679308980506854,1.6251699969610711
1.3709890062911214,4.061864702057649,0.24444476044912244,-11.053362079019262
-0.5098432421384791,1.1848954709396171,-0.3799224686992704,-3.24581474501817
0.32486961579618606,0.8019833774318452,-1.8758182222589144,-3.205272626460691
0.9971179807917595,-1.1013076731749791,-2.9963519223035355,6.631602038446047
0.030601824338517807,0.3880948498032162,-0.765785313191789,0.8541874589932179
-0.06964157844693558,0.1230510839307879,-1.8351846165449999,0.25737855703151413
0.05157494276988904,0.2596716709725949,-1.233256452237598,4.041998215381067
0.8672766288084278,-0.9185107852811765,-0.023046911803926706,6.748778405228694
-0.8483205228052325,2.0766592065523537,-0.8826382662394309,-7.779102144146056
-0.32566946882017417,0.7151091649812613,-0.4343255539471067,-1.9370045458183465
0.47043314484648185,0.5992930399900251,-0.7749301359163421,3.658813727374705
0.3114470715541555,-2.4280922320979927,-3.2008739989757617,9.049092833694603
0.23958275985639133,1.9872881750497278,1.0940932935520085,-3.0924389484141934
-0.3698011663038032,1.9740306519607589,0.7637784446521292,-2.8600962303988577
0.9725357891425369,-0.6782588056844274,-2.7042472813850758,9.121390818496304
2.1338682472045374,2.980242767758387,-0.24204908285924343,-4.420484595136962
0.4064154936762062,-1.7295164601648647,-1.993036405242786,13.191042448921786
-0.1931767015498399,0.9562601824218403,-2.120374505594906,-4.174948493398061
0.7557402888945426,0.45758532021967224,-1.0072624920025715,1.0743546757173266
-0.53913263675299,-1.6343495776115886,1.6215023457465478,8.191645340091377
-0.7496903447028966,1.3794052241599914,0.5869363422228275,-3.208990695936724
0.0328087476137118,4.405140304483583,-0.09216796250221315,-18.8288916013095
-2.5827966329699446,1.1352684601338394,-2.7259084536310763,-6.172555488925873
-1.1539503636520094,0.07395649178189811,2.8316741281270663,4.274662542710579
-0.34796185592084583,1.8940483137713566,0.31059656849101436,-5.693191745925396
-1.3533888581477134,1.2114399909343099,-4.523256129872667,-4.297771870981039
-1.0326431018921296,1.055524263251003,-0.4007884971872623,-2.3402651086278015
-0.4367483374580074,0.1489155744571039,-1.7330420738771253,-1.2894292916671515
-1.6429652935306092,3.8439511185849295,-0.3850264660765492,-17.236307342286455
-0.4060717962598319,1.9127267269615706,-0.39903944978571015,-6.677153122357577
-0.5352701645328445,-0.05734131787097718,-2.377778614705157,1.627441787342192
0.025405208385016018,0.7839923264380841,1.7388286284615413,2.6654299518939832
1.1541840304940192,-0.48173340840814527,-0.7003230678708638,8.229154188335453
0.1725044164928659,-0.21658230016299007,0.41202185976561356,3.176797797055788
0.021062021342063624,-0.28145144838039804,1.0271353471223046,4.907196776361428
0.09945445703071175,-1.268623187444455,-2.1072363969279797,5.9933758401131465
0.22739277512112846,2.5545539275359106,-2.3676527272097854,-4.782715156474584
-1.016738648609769,0.41791707345394846,0.6828610232716494,-1.132591271268035
-0.11477532477079817,2.1082551566535397,1.0892561491352852,-5.25269319875877
0.3087512418366131,-0.34025179545459294,-3.065527856186706,2.878925719088931
-1.3707599825430605,0.8792750112153227,2.016864779236493,-4.649223515604293
0.8656529228158533,-0.4220811935822224,-1.3532549715007793,5.584933779389019
1.0813760344581897,2.4393363410746636,0.037676792768576606,-2.932008885599325
-0.6313759884493888,0.5031613865899236,-0.1534176863429102,-0.6936069102064945
-0.24133779145310455,-0.4617471719027717,-2.4570134797499907,-0.16625508978351977
-0.8781903428100731,-2.2834064576195683,-2.2960722084208394,8.811957713658966
0.6993804835878171,1.5513330986815488,-4.125388508942388,-5.291159820890526
-1.0612222874459092,-0.4167701046762142,-2.7267252034398415,1.2859669497316026
-0.2224770102429203,0.9684415657580097,-3.2237139411139357,-0.9998579161366028
-0.8589199078076716,0.016539783972944755,-0.9397142263445594,-0.654273022444501
0.050954277011289496,2.90837916179753,1.0541032290831227,-8.315571568466602
-1.794229271489721,2.088289504716016,-1.040717395999712,-9.369252426468796
1.3264616423656934,1.894424174909663,-0.49171875672589505,-5.025983617341215
-0.964606424206264,-0.23224224664695847,0.1670053150518931,2.7891264362165185
0.05989468311627605,1.932580087100379,0.019564161530449375,-5.189066149511199
-0.2125230447703092,4.429663217352086,-1.5787472501672521,-17.845696578216874
-0.7621145119224981,-0.664372068300124,-3.1950175912502505,-0.15579608059386718
-0.8877801366359354,1.3446782784583775,-1.6447082650609763,-5.061623739222997
0.9363985435524596,-2.298433948834264,-0.9055609671041427,15.254756526342822
-0.5256405931019397,3.797124184251071,-2.3074678191562144,-13.411521487393522
0.2711701846373109,0.20417580281831715,-0.4570589339484272,0.1410230445933558
-0.8014968853943748,2.565157761683955,-1.4390681439132136,-10.265317308553197
-0.6471814318477607,-2.446456501432646,-0.06726770873366128,12.375189539754054
0.47224715008784873,4.595078774251809,-2.2048592142772376,-13.152633113846017
0.9304084961111163,0.2862569439488031,-2.3829514889640757,5.539544525243718
-0.17531640232701995,2.091314646940055,1.6610845065559054,-4.45348930358609
-1.4219198716404369,1.3016364126651876,-0.9568656434294707,-3.376417568581076
1.9979560797500047,0.48905842762446117,-0.17055422590669567,2.155689394479152
-0.8565493082342095,4.371584605318607,-2.647633379338229,-16.50600825551626
-1.5415873996717875,-2.2960924127323596,-1.5658966832231889,11.503097924643708
2.594424587768152,1.5974273199840179,0.023254224211422425,1.7278816448839562
-0.40403229385093714,2.8212913444599406,1.3484237894691269,-5.667134912290974
-1.4617326882614081,0.9402877567272675,-2.086727612199317,-2.016771952473109
-0.6834397667886818,0.7636584312668164,-2.20437611715845,-1.273050959972944
0.36754489602226903,0.7146245758530699,-1.0340034105165214,3.710593296377863
0.1903115575939397,-1.455272840820816,-3.2865927246232927,6.978025854085085
-0.85172919725359,1.0762547681898693,-1.0451999597164396,-3.9890682773036863
1.8227236001279594,2.0254350469447973,-1.0970925769230897,1.04445358561442
-0.5215796779933731,1.137198454961321,0.08712372549389058,-1.7700016317618505
-1.184686590411552,0.4554477977098388,1.1219146140334564,-3.1160956756184914
0.9606933984606597,0.02054995525394654,-0.1452335232998636,4.820768167174234
1.3290628465396823,0.4414066614432557,0.11232657643953403,9.908614679043417
-0.8174930976162265,3.5154884349920765,-0.9215815732985481,-17.895337627116348
-1.4013472930393105,-3.173269958841085,-1.5396168647142394,14.764965133330204
1.0304382674156047,1.0801429130955509,-3.9939653037351466,-2.2740282731863113
-2.0473236130579617,0.3444901654071665,-2.3293312287619248,-2.5803959714933136
-1.2266216593966155,3.911615903673687,-0.6740999729600048,-13.786323475307107
0.967446150050235,1.1109844508876054,-3.468390585684988,-3.9401039983989863
-0.05535254802238957,3.969851197399908,-0.6356652658250947,-16.424190805561455
-0.26393734859268786,-3.247780036091118,-1.6012520654019267,12.922888462681787
0.35281660649437835,1.9191698096681122,-2.5323397788725353,-5.432892580914544
-0.15277442354540868,1.5601157200753604,-1.7050364749825044,-7.763532262069651
-1.2986867221630902,3.781067934147876,0.09317228189239923,-13.36253992293071
1.2760753460061875,-2.2826972176460583,0.32825166442921616,16.031528762068824
1.3250140528868153,0.6899283837633484,-3.905532111173859,1.5342186856419953
0.2053325637779597,1.1321205235729852,-1.2242260182230056,-1.2803606565064063
0.045134015432010274,0.00840901090958135,0.37082698742526055,0.6042896619255118
2.339624806020058,3.4331554274858807,-1.386842289414036,-7.3786021142637175
-0.2764328450158372,0.32263562910920485,-0.8367770936286799,0.821558276501369
-0.25957698183403943,5.069525088042307,-3.2431163128904044,-17.871777671539707
0.36448124924050557,3.1083558178778454,-1.7200504852274432,-9.302522604502768
1.4713219561423383,2.901667394007599,1.743163144082338,-1.4581256547838426
1.5927707544174836,2.1185979627817684,-2.1821020517730236,-2.131006729677753
-0.25857263167677125,-1.1273911820510958,-3.160948514794026,5.521067976863815
0.30833124595934525,0.1378073249784858,-0.7757923621623911,3.5823358471309437
-1.3780834670640771,2.145502733714432,0.1829439995986084,-5.017113111014526
-0.31197610791621294,2.3551140671754345,0.790715735937884,-8.902732327302289
-0.8402903954793065,3.614367690162515,-1.776583963187906,-14.746511770344574
-1.0068317522989838,0.06511798074818731,-0.6662866350569208,-0.3066607940070979
1.6815767162673276,-0.7203067698493264,-0.18346768257191037,7.811129638116852
-0.7922866618061449,2.718208385571061,-0.026184208248682506,-11.383658987650128
-0.5316059080114549,-0.6192531520802254,-1.8208041160143165,4.699277146293064
0.3658487879168582,2.7466236721408244,1.5690873963435408,-7.383802202183563
1.2978252669735855,3.3994723528300756,-2.0309455338260967,-7.79551975251635
0.4811151263888354,1.9123060716541107,0.06180823803970248,-4.576997346935755
2.759355114021582,0.28484193606280417,-1.0328668542182884,4.338870635729923
-0.07466797825114957,1.0821644522877591,-1.8808278460367815,-0.022313139395245152
0.25871644022974605,2.186931839206478,-1.9642769484438516,-2.615608786733713
0.27560067398405635,1.020371037424147,-1.879520366380351,-1.020685274371484
1.4350493867891545,5.396592677340985,-1.6703065975799454,-15.505254583301218
0.5072389511096153,-0.9813418612542983,-2.528328399033864,10.14921523552265
-0.1162297003871491,-1.0053371747395818,0.04611455481765514,7.829253552118657
-0.9474885949068795,-0.9537907734706503,-2.055272973430333,6.222627109913704
0.24444345596163258,-0.17915984509043126,-1.9225312730507416,4.670501288824824
1.4013448312919596,-3.3578630403898186,-0.26696411318765,21.74061357530099
-0.4103817936578706,-0.2593008538803625,-1.1619429147004725,3.257687205465051
0.5289436184165822,-0.306569403855778,-3.132855452918368,4.315601884881315
0.24614778868484416,1.1570280503483525,-2.4040142478163995,-1.1204783492519474
0.8635196583813146,1.8356011664121628,-1.29483586663149,-5.961875993954843
-0.8047537406378693,-1.4804326728155406,-1.8624817560512017,4.634349654459596
2.3466470305265617,2.8001084855281446,0.12572380587955978,-0.7221942863312849
-1.2791611070282582,4.604484459581094,-2.146603043486219,-16.20825205232952
-0.3655510899860373,0.5834297938100073,-2.4506906065648173,-0.42941833130483964
0.9380925409056455,4.148742474951144,-2.5158193131679374,-14.880677829083703
0.29673317249411335,1.3979789888103755,-0.3900141295635413,0.21207904619349938
0.8299861590811032,4.977463837190783,-0.27479241087140016,-15.227426706003982
-0.49610233398256237,3.2345669313763805,-3.508666881356321,-15.0253281382409
-0.07480498268034107,-2.1278092696795325,-0.06688720522284619,12.567269159251401
0.012231983638817386,1.037254741322711,0.2914599057439198,0.8061529639720934
1.5692596145359043,3.1086499498081555,-3.5364966427135736,-6.312099359267166
0.690429024383049,1.0610931620812338,-2.035647144041441,-1.5004999959404675
0.7966721083646714,0.9262329383098661,1.143338636536964,0.42087330355467856
-0.6579260925367952,3.539529500628608,0.509152559037874,-14.83313719367647
0.9688826385630508,-0.4197083642922079,-0.9628110111234369,9.174390935107592
0.22558166356880352,1.0350312265564368,-0.24812590556585234,-0.3873017575572503
1.3891453156779274,1.6472515292182375,2.1680294354301113,3.4062949939751688
2.014060154918468,0.3324180792928717,-0.2458045398210672,5.057734920909432
-0.30676577602700456,0.9597417922449251,-2.8312132921283384,0.5548726087020204
-0.40630313044506255,2.5500465264483405,1.0474084994012398,-11.130720515233545
-0.8640449911023695,1.8656752429999879,-2.3064083359369274,-7.017006088477108
-0.14357951171632055,-0.6174350639590673,0.4908533537717519,3.8017738636231804
-0.3820254489503836,-1.2082479715985235,-0.015594008564666861,5.85043482494017
0.35950439957101016,-0.5782043605133005,0.3342703295086422,3.5439137963827094
-0.14456681693373594,1.0024969115769733,1.311399463113736,-1.9317647782814185
-0.3615992807816198,0.6801204244859144,-3.198871492761928,1.7746508645225565
1.0645851361278518,-0.6639149864342495,-1.104382832408196,6.105548182385408
-0.9378802311514517,-0.1963009050329716,1.9190742538188177,5.033925392698898
0.43310795315134365,-2.0400785703841273,0.4645726167799209,8.354994839628382
-0.4059417271884834,1.835707406434652,-0.7342624939880306,-0.6394120084765325
0.7243685048699644,0.9199625492967342,-2.5347596950434252,-0.5330632067032901
1.3852615467222305,-1.5195746868105404,-0.8399192605720636,13.253426265543823
-0.3030982534240727,1.0572410083755657,-2.3678219478160174,-0.5397545195137554
0.44103290727315136,3.6852440210207065,-3.202550434696639,-13.606920288019229
0.17879286573317985,-0.4798717059305193,-0.1352819454121712,6.059210556220025
-0.7994223995430966,3.6302753314419447,-0.9020415919924779,-14.113486951314059
0.24078750974193844,0.35308505503315235,-2.160269204141067,-0.37803489250294464
0.28912050527881217,1.3956563356997356,-0.40757771655662833,-5.283048410326677
0.4128708204461747,1.1955016048443705,-1.7558348316822232,-2.03693105021034
-0.19839889682004574,3.803046832010491,1.6693386263110712,-10.280984373690487
0.09419230031014657,1.3168676935710635,-1.0458586665549372,-0.7436518866067499
-1.1476109448431353,-1.2838028384076932,1.3656323187051438,6.981641638581642
-0.35811407547985674,-1.6219407408824247,-2.2192031512583354,8.490744990374765
